{"cameraMode":{"drawMode":0,"name":"Shaded","section":"Shading Mode"},"sceneLighting":false,"audioPlay":false,"sceneViewState":{"showFog":true,"showMaterialUpdate":false,"showSkybox":false,"showFlares":true,"showImageEffects":true,"showParticleSystems":true},"in2DMode":false,"pivot":{"x":0.6200000047683716,"y":0.3999999761581421,"z":0.0},"rotation":{"x":-0.2051137536764145,"y":0.0841733068227768,"z":-0.017613716423511506,"w":-0.9751567244529724},"size":1.9976460933685303,"orthographic":false}