{"cameraMode":{"drawMode":0,"name":"Shaded","section":"Shading Mode"},"sceneLighting":false,"audioPlay":false,"sceneViewState":{"showFog":true,"showMaterialUpdate":false,"showSkybox":false,"showFlares":true,"showImageEffects":true,"showParticleSystems":true},"in2DMode":false,"pivot":{"x":-1.5799999237060547,"y":2.819999933242798,"z":0.0},"rotation":{"x":0.18272808194160462,"y":0.023006828501820566,"z":-0.0042764004319906239,"w":0.9828956723213196},"size":3.8788437843322756,"orthographic":false}