{"cameraMode":{"drawMode":0,"name":"Shaded","section":"Shading Mode"},"sceneLighting":false,"audioPlay":false,"sceneViewState":{"showFog":true,"showMaterialUpdate":false,"showSkybox":false,"showFlares":true,"showImageEffects":true,"showParticleSystems":true},"in2DMode":false,"pivot":{"x":0.9813802242279053,"y":5.184723377227783,"z":0.2878701090812683},"rotation":{"x":-0.10484770685434342,"y":-0.07094674557447434,"z":0.00749935582280159,"w":-0.9919314384460449},"size":0.6045478582382202,"orthographic":false}