{"cameraMode":{"drawMode":0,"name":"Shaded","section":"Shading Mode"},"sceneLighting":true,"audioPlay":false,"sceneViewState":{"showFog":true,"showMaterialUpdate":false,"showSkybox":true,"showFlares":true,"showImageEffects":true,"showParticleSystems":true},"in2DMode":false,"pivot":{"x":13.51392650604248,"y":-6.031080722808838,"z":-11.373039245605469},"rotation":{"x":0.016193874180316926,"y":0.111667200922966,"z":-0.0019416604191064835,"w":0.9937162399291992},"size":25.608333587646486,"orthographic":false}