{"cameraMode":{"drawMode":0,"name":"Shaded","section":"Shading Mode"},"sceneLighting":false,"audioPlay":false,"sceneViewState":{"showFog":true,"showMaterialUpdate":false,"showSkybox":false,"showFlares":true,"showImageEffects":true,"showParticleSystems":true},"in2DMode":false,"pivot":{"x":1.0180079936981202,"y":0.3020098805427551,"z":0.15436498820781709},"rotation":{"x":-0.0377470999956131,"y":-0.055847421288490298,"z":0.0021302688401192428,"w":-0.9978872537612915},"size":1.9909803867340088,"orthographic":false}