{"cameraMode":{"drawMode":0,"name":"Shaded","section":"Shading Mode"},"sceneLighting":false,"audioPlay":false,"sceneViewState":{"showFog":true,"showMaterialUpdate":false,"showSkybox":false,"showFlares":true,"showImageEffects":true,"showParticleSystems":true},"in2DMode":false,"pivot":{"x":0.9813802242279053,"y":5.184723377227783,"z":0.2878701090812683},"rotation":{"x":-0.257412314414978,"y":-0.0008838464273139834,"z":0.00018859267584048212,"w":-0.9664339423179627},"size":11.004399299621582,"orthographic":false}